{"countIterations":440,"weights1":[[-0.827782869,-0.672652245,-1.22949064,-0.9843697],[-0.7664023,-1.07200933,-1.09933257,-0.5160077]],"weights2":[[-1.50991511,-1.69507349,-0.9392697]]}